{
  "baseline": {
    "2003-06": {
      "years": 22.5,
      "pnls": [
        327.4121626142,
        305.46692047192005,
        211.09904417358405,
        195.98461548689596
      ]
    },
    "2005-06": {
      "years": 20.5,
      "pnls": [
        288.53278148799996,
        268.5362612781999,
        185.79259286849998,
        170.90070356794996
      ]
    },
    "2008-10": {
      "years": 17.2,
      "pnls": [
        228.12024701739998,
        320.7403742359201,
        227.23399478017194,
        210.52929205921598
      ]
    },
    "2010-11": {
      "years": 15.1,
      "pnls": [
        230.30237702579993,
        220.12276799631996,
        158.80414461829204,
        123.97705477931211
      ]
    },
    "2012-10": {
      "years": 13.2,
      "pnls": [
        68.92270225480001,
        232.31027144132003,
        129.99133721024805,
        117.41874199449396
      ]
    },
    "2015-06": {
      "years": 10.5,
      "pnls": [
        103.83422274600002,
        170.4526903099201,
        58.32626262279603,
        54.79116811274598
      ]
    },
    "2016-02": {
      "years": 9.8,
      "pnls": [
        210.31543916980007,
        215.38323491813998,
        89.11428690856398,
        77.88324469968401
      ]
    },
    "2018-12": {
      "years": 7.0,
      "pnls": [
        78.5474205388,
        51.90879321124,
        73.60663802688006,
        63.750993221317984
      ]
    },
    "2019-08": {
      "years": 6.3,
      "pnls": [
        14.524784839400006,
        6.656695961279979,
        9.953394643740033,
        11.953695693680011
      ]
    },
    "2022-10": {
      "years": 3.2,
      "pnls": [
        35.57277613980001,
        17.887880381419997,
        19.86695257558797,
        22.346796933963997
      ]
    }
  },
  "path_a": {
    "2003-06": {
      "years": 22.5,
      "pnls": [
        327.4121626142,
        317.10495331612003,
        226.3057346047521,
        210.69003315502596
      ]
    },
    "2005-06": {
      "years": 20.5,
      "pnls": [
        288.53278148799996,
        291.63640012184004,
        199.05098126014798,
        180.65252765982206
      ]
    },
    "2008-10": {
      "years": 17.2,
      "pnls": [
        228.12024701739998,
        335.38638182193995,
        243.00582506543594,
        226.78240411144404
      ]
    },
    "2010-11": {
      "years": 15.1,
      "pnls": [
        230.30237702579993,
        228.46244996104002,
        170.03462829375601,
        137.45208141942
      ]
    },
    "2012-10": {
      "years": 13.2,
      "pnls": [
        68.92270225480001,
        236.7334189624,
        131.85561958667998,
        121.78884193880197
      ]
    },
    "2015-06": {
      "years": 10.5,
      "pnls": [
        103.83422274600002,
        170.20652628484,
        63.956933359156,
        61.455371851622
      ]
    },
    "2016-02": {
      "years": 9.8,
      "pnls": [
        210.31543916980007,
        212.01517318744,
        94.03053412814002,
        83.22432525812012
      ]
    },
    "2018-12": {
      "years": 7.0,
      "pnls": [
        78.5474205388,
        54.25208740927998,
        74.50636455643205,
        64.80677362495794
      ]
    },
    "2019-08": {
      "years": 6.3,
      "pnls": [
        14.524784839400006,
        4.059308195360001,
        9.36816894562802,
        10.027903351048018
      ]
    },
    "2022-10": {
      "years": 3.2,
      "pnls": [
        35.57277613980001,
        17.887880381419997,
        19.86695257558797,
        22.346796933963997
      ]
    }
  },
  "path_b": {
    "2003-06": {
      "years": 22.5,
      "pnls": [
        493.7738026679998,
        373.72920626696003,
        319.74044693029197,
        278.298472595274
      ]
    },
    "2005-06": {
      "years": 20.5,
      "pnls": [
        253.1539003901999,
        319.3685063857,
        265.61438677803994,
        225.9424437865459
      ]
    },
    "2008-10": {
      "years": 17.2,
      "pnls": [
        289.6039901244,
        335.8388679636399,
        254.6808346545319,
        241.44041119912197
      ]
    },
    "2010-11": {
      "years": 15.1,
      "pnls": [
        116.56621901080003,
        229.03301799710002,
        186.73768616384808,
        163.77825206681
      ]
    },
    "2012-10": {
      "years": 13.2,
      "pnls": [
        68.92270225480001,
        232.31027144132003,
        129.99133721024805,
        117.41874199449396
      ]
    },
    "2015-06": {
      "years": 10.5,
      "pnls": [
        103.83422274600002,
        167.85184942092002,
        56.47366280353208,
        53.21516420532804
      ]
    },
    "2016-02": {
      "years": 9.8,
      "pnls": [
        210.31543916980007,
        212.65206966082002,
        86.05026750158405,
        74.745459260412
      ]
    },
    "2018-12": {
      "years": 7.0,
      "pnls": [
        78.5474205388,
        48.81313570251999,
        69.82926376930405,
        59.953460893721996
      ]
    },
    "2019-08": {
      "years": 6.3,
      "pnls": [
        14.524784839400006,
        4.777777532639971,
        7.49726888094,
        9.200645696528031
      ]
    },
    "2022-10": {
      "years": 3.2,
      "pnls": [
        35.57277613980001,
        17.887880381419997,
        19.86695257558797,
        22.346796933963997
      ]
    }
  },
  "path_c": {
    "2003-06": {
      "years": 22.5,
      "pnls": [
        493.7738026679998,
        387.52021170782,
        337.60311147704,
        298.8215232328621
      ]
    },
    "2005-06": {
      "years": 20.5,
      "pnls": [
        253.1539003901999,
        335.29752585656007,
        281.86851749934397,
        240.24800004766598
      ]
    },
    "2008-10": {
      "years": 17.2,
      "pnls": [
        195.8313259620001,
        349.7651759045599,
        263.76819231110403,
        250.13058655826202
      ]
    },
    "2010-11": {
      "years": 15.1,
      "pnls": [
        116.56621901080003,
        234.78530326454,
        247.59353433255197,
        197.82514133656005
      ]
    },
    "2012-10": {
      "years": 13.2,
      "pnls": [
        68.92270225480001,
        236.7334189624,
        131.85561958667998,
        121.78884193880197
      ]
    },
    "2015-06": {
      "years": 10.5,
      "pnls": [
        103.83422274600002,
        167.60568539584006,
        62.38956110877203,
        59.56357804325001
      ]
    },
    "2016-02": {
      "years": 9.8,
      "pnls": [
        210.31543916980007,
        208.47283201012004,
        91.18366544441199,
        80.03948747280008
      ]
    },
    "2018-12": {
      "years": 7.0,
      "pnls": [
        78.5474205388,
        50.824438436279976,
        70.79516805151202,
        61.00924129736196
      ]
    },
    "2019-08": {
      "years": 6.3,
      "pnls": [
        14.524784839400006,
        2.1803897667200145,
        7.0004891537559955,
        7.274853353895994
      ]
    },
    "2022-10": {
      "years": 3.2,
      "pnls": [
        35.57277613980001,
        17.887880381419997,
        19.86695257558797,
        22.346796933963997
      ]
    }
  }
}