{
  "pure_cash": {
    "2008-10": {
      "years": 17.2,
      "pnls": [
        195.8313259620001,
        349.7651759045599,
        263.76819231110403,
        250.13058655826202
      ]
    },
    "2012-10": {
      "years": 13.2,
      "pnls": [
        68.92270225480001,
        236.7334189624,
        131.85561958667998,
        121.78884193880197
      ]
    },
    "2015-06": {
      "years": 10.5,
      "pnls": [
        103.83422274600002,
        167.60568539584006,
        62.38956110877203,
        59.56357804325001
      ]
    },
    "2019-08": {
      "years": 6.3,
      "pnls": [
        14.524784839400006,
        2.1803897667200145,
        7.0004891537559955,
        7.274853353895994
      ]
    },
    "2022-10": {
      "years": 3.2,
      "pnls": [
        35.57277613980001,
        17.887880381419997,
        19.86695257558797,
        22.346796933963997
      ]
    }
  },
  "all_good": {
    "2008-10": {
      "years": 17.2,
      "pnls": [
        293.6512820954,
        328.65058201463995,
        273.50557694429597,
        236.02194781368993
      ]
    },
    "2012-10": {
      "years": 13.2,
      "pnls": [
        68.92270225480001,
        226.63505645137997,
        180.0379956575839,
        150.55471641503598
      ]
    },
    "2015-06": {
      "years": 10.5,
      "pnls": [
        103.83422274600002,
        162.86381764412005,
        100.92117360022401,
        69.44329823630405
      ]
    },
    "2019-08": {
      "years": 6.3,
      "pnls": [
        14.524784839400006,
        7.390730341119989,
        9.928407776692039,
        12.77828109211596
      ]
    },
    "2022-10": {
      "years": 3.2,
      "pnls": [
        35.57277613980001,
        -6.698680799720025,
        4.892366292615979,
        5.890573243945996
      ]
    }
  },
  "all_bad": {
    "2008-10": {
      "years": 17.2,
      "pnls": [
        350.32380643400006,
        317.67505140616015,
        197.58054918261197,
        198.919989869676
      ]
    },
    "2012-10": {
      "years": 13.2,
      "pnls": [
        122.19164798759996,
        249.93001029369992,
        127.1790688564841,
        114.42700827559995
      ]
    },
    "2015-06": {
      "years": 10.5,
      "pnls": [
        61.684932504999956,
        167.49219280184002,
        59.66148701562402,
        59.44019779628202
      ]
    },
    "2019-08": {
      "years": 6.3,
      "pnls": [
        14.078038980199992,
        1.7418576987200174,
        6.2126162623559855,
        7.582205639891981
      ]
    },
    "2022-10": {
      "years": 3.2,
      "pnls": [
        34.984583659800016,
        16.201959156580003,
        19.13817064275598,
        21.75139809982798
      ]
    }
  },
  "all_average": {
    "2008-10": {
      "years": 17.2,
      "pnls": [
        195.6617472704001,
        328.8965765648,
        200.82438252036408,
        187.42073805567597
      ]
    },
    "2012-10": {
      "years": 13.2,
      "pnls": [
        62.39503933880006,
        247.48773679755996,
        151.20175646133603,
        141.525881994126
      ]
    },
    "2015-06": {
      "years": 10.5,
      "pnls": [
        103.83986625320003,
        170.34474107163996,
        57.56141602274803,
        44.61866536413402
      ]
    },
    "2019-08": {
      "years": 6.3,
      "pnls": [
        14.524784839400006,
        -2.5465834263800335,
        -5.330190133464008,
        -5.486533228767987
      ]
    },
    "2022-10": {
      "years": 3.2,
      "pnls": [
        35.57277613980001,
        16.798532725579985,
        17.899530101375973,
        22.79976403318198
      ]
    }
  },
  "mixed_mess": {
    "2008-10": {
      "years": 17.2,
      "pnls": [
        195.61756792200006,
        460.15665185104007,
        262.28541323285197,
        228.94106258701194
      ]
    },
    "2012-10": {
      "years": 13.2,
      "pnls": [
        69.27080883480001,
        229.66111324481992,
        190.92456260440787,
        164.75818317092396
      ]
    },
    "2015-06": {
      "years": 10.5,
      "pnls": [
        58.913956940400006,
        154.84441365164,
        111.962542461124,
        85.91936960487605
      ]
    },
    "2019-08": {
      "years": 6.3,
      "pnls": [
        23.309838905400014,
        -14.84227441842001,
        -2.5445879309239916,
        -2.9487857219819946
      ]
    },
    "2022-10": {
      "years": 3.2,
      "pnls": [
        36.9263095854,
        15.537801311540012,
        12.779613349747997,
        9.825800302473997
      ]
    }
  },
  "random": {
    "2008-10": {
      "years": 17.2,
      "pnls": [
        281.86396255326673,
        355.54019861037324,
        238.66348961697727,
        234.46248876447737
      ]
    },
    "2012-10": {
      "years": 13.2,
      "pnls": [
        133.81070380860004,
        226.19928643545998,
        123.7565640264187,
        111.52832347453273
      ]
    },
    "2015-06": {
      "years": 10.5,
      "pnls": [
        58.845846521000006,
        162.13113221796002,
        53.38623814892669,
        44.303503597932
      ]
    },
    "2019-08": {
      "years": 6.3,
      "pnls": [
        14.249580406066661,
        8.235338402699997,
        14.084235446941358,
        14.867443164552688
      ]
    },
    "2022-10": {
      "years": 3.2,
      "pnls": [
        51.079401441666654,
        18.80562992404666,
        23.743675931837327,
        26.42489176138001
      ]
    }
  }
}